Места опечаток,Title 1,Опечатки
1457,"Гаситель cкорости металлический - купить в Москве: цены, наличие, доставка","{10: ('c', 'eng'), 11: ('к', 'рус')}"
1917,"Гибкий вал Enar ТАХE 1.0м - купить в Москве: цены, наличие, доставка","{19: ('Х', 'рус'), 20: ('E', 'eng')}"
1924,"Гибкий вал Enar ТАХE 1.5м - купить в Москве: цены, наличие, доставка","{19: ('Х', 'рус'), 20: ('E', 'eng')}"
1925,"Гибкий вал Enar ТАХE 2.0м - купить в Москве: цены, наличие, доставка","{19: ('Х', 'рус'), 20: ('E', 'eng')}"
1926,"Гибкий вал Enar ТАХE 3.0м - купить в Москве: цены, наличие, доставка","{19: ('Х', 'рус'), 20: ('E', 'eng')}"
1927,"Гибкий вал Enar ТАХE 4.0м - купить в Москве: цены, наличие, доставка","{19: ('Х', 'рус'), 20: ('E', 'eng')}"
1928,"Гибкий вал Enar ТАХE 5.0м - купить в Москве: цены, наличие, доставка","{19: ('Х', 'рус'), 20: ('E', 'eng')}"
1929,"Гибкий вал Enar ТАХE 6.0м - купить в Москве: цены, наличие, доставка","{19: ('Х', 'рус'), 20: ('E', 'eng')}"
2161,"Преобразователь частоты и напряжения Technoflex CRF-10МT - купить в Москве: цены, наличие, доставка","{55: ('М', 'рус'), 56: ('T', 'eng')}"
2164,"Преобразователь частоты и напряжения Technoflex CRF-20МT - купить в Москве: цены, наличие, доставка","{55: ('М', 'рус'), 56: ('T', 'eng')}"
2314,"Высокочастотный глубинный вибратор Enar M38 AFР - купить в Москве: цены, наличие, доставка","{46: ('F', 'eng'), 47: ('Р', 'рус')}"
2315,"Высокочастотный глубинный вибратор Enar M5 AFР - купить в Москве: цены, наличие, доставка","{45: ('F', 'eng'), 46: ('Р', 'рус')}"
2316,"Высокочастотный глубинный вибратор Enar M6 AFР - купить в Москве: цены, наличие, доставка","{45: ('F', 'eng'), 46: ('Р', 'рус')}"
2317,"Высокочастотный глубинный вибратор Enar M7 AFР - купить в Москве: цены, наличие, доставка","{45: ('F', 'eng'), 46: ('Р', 'рус')}"
2512,"Виброрейка Enar QXЕ 1,5м - купить в Москве: цены, наличие, доставка","{18: ('X', 'eng'), 19: ('Е', 'рус')}"
2513,"Виброрейка Enar QXЕ 2,0м - купить в Москве: цены, наличие, доставка","{18: ('X', 'eng'), 19: ('Е', 'рус')}"
2514,"Виброрейка Enar QXЕ 2,5м - купить в Москве: цены, наличие, доставка","{18: ('X', 'eng'), 19: ('Е', 'рус')}"
2515,"Виброрейка Enar QXЕ 3,0м - купить в Москве: цены, наличие, доставка","{18: ('X', 'eng'), 19: ('Е', 'рус')}"
2516,"Виброрейка Enar QXЕ 4,0м - купить в Москве: цены, наличие, доставка","{18: ('X', 'eng'), 19: ('Е', 'рус')}"
2517,"Виброрейка Enar QXЕ Turbo 1,5м - купить в Москве: цены, наличие, доставка","{18: ('X', 'eng'), 19: ('Е', 'рус')}"
2518,"Виброрейка Enar QXЕ Turbo 2,0м - купить в Москве: цены, наличие, доставка","{18: ('X', 'eng'), 19: ('Е', 'рус')}"
2519,"Виброрейка Enar QXЕ Turbo 2,5м - купить в Москве: цены, наличие, доставка","{18: ('X', 'eng'), 19: ('Е', 'рус')}"
2520,"Виброрейка Enar QXЕ Turbo 3,0м - купить в Москве: цены, наличие, доставка","{18: ('X', 'eng'), 19: ('Е', 'рус')}"
2521,"Виброрейка Enar QXЕ Turbo 4,0м - купить в Москве: цены, наличие, доставка","{18: ('X', 'eng'), 19: ('Е', 'рус')}"
2522,"Виброрейка Enar QXЕ Turbo - купить в Москве: цены, наличие, доставка","{18: ('X', 'eng'), 19: ('Е', 'рус')}"
2523,"Виброрейка Enar QXЕ - купить в Москве: цены, наличие, доставка","{18: ('X', 'eng'), 19: ('Е', 'рус')}"
2593,"Виброрейка Enar QZЕ 2,0м - купить в Москве: цены, наличие, доставка","{18: ('Z', 'eng'), 19: ('Е', 'рус')}"
2594,"Виброрейка Enar QZЕ 2,5м - купить в Москве: цены, наличие, доставка","{18: ('Z', 'eng'), 19: ('Е', 'рус')}"
2595,"Виброрейка Enar QZЕ 3,0м - купить в Москве: цены, наличие, доставка","{18: ('Z', 'eng'), 19: ('Е', 'рус')}"
2596,"Виброрейка Enar QZЕ 4,0м - купить в Москве: цены, наличие, доставка","{18: ('Z', 'eng'), 19: ('Е', 'рус')}"
2597,"Виброрейка Enar QZЕ - купить в Москве: цены, наличие, доставка","{18: ('Z', 'eng'), 19: ('Е', 'рус')}"
2732,"Затирочная машина Euro Shatal SТ 62H - купить в Москве: цены, наличие, доставка","{31: ('S', 'eng'), 32: ('Т', 'рус')}"
2733,"Затирочная машина Euro Shatal SТ 62R - купить в Москве: цены, наличие, доставка","{31: ('S', 'eng'), 32: ('Т', 'рус')}"
2734,"Затирочная машина Euro Shatal SТ 92E - купить в Москве: цены, наличие, доставка","{31: ('S', 'eng'), 32: ('Т', 'рус')}"
2735,"Затирочная машина Euro Shatal SТ 92H 5.5 - купить в Москве: цены, наличие, доставка","{31: ('S', 'eng'), 32: ('Т', 'рус')}"
2736,"Затирочная машина Euro Shatal SТ 92H 8.0 - купить в Москве: цены, наличие, доставка","{31: ('S', 'eng'), 32: ('Т', 'рус')}"
2938,"Швонарезчик Diam JRК-500/13H - купить в Москве: цены, наличие, доставка","{19: ('R', 'eng'), 20: ('К', 'рус')}"
2980,"Швонарезчик Diam RК-500/7,5E - купить в Москве: цены, наличие, доставка","{18: ('R', 'eng'), 19: ('К', 'рус')}"
4208,"Штабелер ручной Grost НDR 10/16M - купить в Москве: цены, наличие, доставка","{23: ('Н', 'рус'), 24: ('D', 'eng')}"
4209,"Штабелер ручной Grost НDR 10/20M - купить в Москве: цены, наличие, доставка","{23: ('Н', 'рус'), 24: ('D', 'eng')}"
4210,"Штабелер ручной Grost НDR 10/25M - купить в Москве: цены, наличие, доставка","{23: ('Н', 'рус'), 24: ('D', 'eng')}"
4211,"Штабелер ручной Grost НDR 10/30M - купить в Москве: цены, наличие, доставка","{23: ('Н', 'рус'), 24: ('D', 'eng')}"
4227,"Штабелер ручной Grost НDR 10/16 - купить в Москве: цены, наличие, доставка","{23: ('Н', 'рус'), 24: ('D', 'eng')}"
4228,"Штабелер ручной Grost НDR 10/20 - купить в Москве: цены, наличие, доставка","{23: ('Н', 'рус'), 24: ('D', 'eng')}"
4229,"Штабелер ручной Grost НDR 10/25 - купить в Москве: цены, наличие, доставка","{23: ('Н', 'рус'), 24: ('D', 'eng')}"
4230,"Штабелер ручной Grost НDR 10/30 - купить в Москве: цены, наличие, доставка","{23: ('Н', 'рус'), 24: ('D', 'eng')}"
4756,"Тележка для талей GCТ616 0.5т - купить в Москве: цены, наличие, доставка","{20: ('C', 'eng'), 21: ('Т', 'рус')}"
4757,"Тележка для талей GCТ616 1т - купить в Москве: цены, наличие, доставка","{20: ('C', 'eng'), 21: ('Т', 'рус')}"
