Места опечаток,Title 1,Опечатки
1457,"Гаситель ❗️cк❗️орости металлический - купить в Москве: цены, наличие, достав","{10: ('c', 'eng'), 11: ('к', 'рус')}"
1917,"Гибкий вал Enar ТА❗️ХE❗️ 1.0м - купить в Москве: цены, наличие, достав","{19: ('Х', 'рус'), 20: ('E', 'eng')}"
1924,"Гибкий вал Enar ТА❗️ХE❗️ 1.5м - купить в Москве: цены, наличие, достав","{19: ('Х', 'рус'), 20: ('E', 'eng')}"
1925,"Гибкий вал Enar ТА❗️ХE❗️ 2.0м - купить в Москве: цены, наличие, достав","{19: ('Х', 'рус'), 20: ('E', 'eng')}"
1926,"Гибкий вал Enar ТА❗️ХE❗️ 3.0м - купить в Москве: цены, наличие, достав","{19: ('Х', 'рус'), 20: ('E', 'eng')}"
1927,"Гибкий вал Enar ТА❗️ХE❗️ 4.0м - купить в Москве: цены, наличие, достав","{19: ('Х', 'рус'), 20: ('E', 'eng')}"
1928,"Гибкий вал Enar ТА❗️ХE❗️ 5.0м - купить в Москве: цены, наличие, достав","{19: ('Х', 'рус'), 20: ('E', 'eng')}"
1929,"Гибкий вал Enar ТА❗️ХE❗️ 6.0м - купить в Москве: цены, наличие, достав","{19: ('Х', 'рус'), 20: ('E', 'eng')}"
2161,"Преобразователь частоты и напряжения Technoflex CRF-10❗️МT❗️ - купить в Москве: цены, наличие, достав","{55: ('М', 'рус'), 56: ('T', 'eng')}"
2164,"Преобразователь частоты и напряжения Technoflex CRF-20❗️МT❗️ - купить в Москве: цены, наличие, достав","{55: ('М', 'рус'), 56: ('T', 'eng')}"
2314,"Высокочастотный глубинный вибратор Enar M38 A❗️FР❗️ - купить в Москве: цены, наличие, достав","{46: ('F', 'eng'), 47: ('Р', 'рус')}"
2315,"Высокочастотный глубинный вибратор Enar M5 A❗️FР❗️ - купить в Москве: цены, наличие, достав","{45: ('F', 'eng'), 46: ('Р', 'рус')}"
2316,"Высокочастотный глубинный вибратор Enar M6 A❗️FР❗️ - купить в Москве: цены, наличие, достав","{45: ('F', 'eng'), 46: ('Р', 'рус')}"
2317,"Высокочастотный глубинный вибратор Enar M7 A❗️FР❗️ - купить в Москве: цены, наличие, достав","{45: ('F', 'eng'), 46: ('Р', 'рус')}"
2512,"Виброрейка Enar Q❗️XЕ❗️ 1,5м - купить в Москве: цены, наличие, достав","{18: ('X', 'eng'), 19: ('Е', 'рус')}"
2513,"Виброрейка Enar Q❗️XЕ❗️ 2,0м - купить в Москве: цены, наличие, достав","{18: ('X', 'eng'), 19: ('Е', 'рус')}"
2514,"Виброрейка Enar Q❗️XЕ❗️ 2,5м - купить в Москве: цены, наличие, достав","{18: ('X', 'eng'), 19: ('Е', 'рус')}"
2515,"Виброрейка Enar Q❗️XЕ❗️ 3,0м - купить в Москве: цены, наличие, достав","{18: ('X', 'eng'), 19: ('Е', 'рус')}"
2516,"Виброрейка Enar Q❗️XЕ❗️ 4,0м - купить в Москве: цены, наличие, достав","{18: ('X', 'eng'), 19: ('Е', 'рус')}"
2517,"Виброрейка Enar Q❗️XЕ❗️ Turbo 1,5м - купить в Москве: цены, наличие, достав","{18: ('X', 'eng'), 19: ('Е', 'рус')}"
2518,"Виброрейка Enar Q❗️XЕ❗️ Turbo 2,0м - купить в Москве: цены, наличие, достав","{18: ('X', 'eng'), 19: ('Е', 'рус')}"
2519,"Виброрейка Enar Q❗️XЕ❗️ Turbo 2,5м - купить в Москве: цены, наличие, достав","{18: ('X', 'eng'), 19: ('Е', 'рус')}"
2520,"Виброрейка Enar Q❗️XЕ❗️ Turbo 3,0м - купить в Москве: цены, наличие, достав","{18: ('X', 'eng'), 19: ('Е', 'рус')}"
2521,"Виброрейка Enar Q❗️XЕ❗️ Turbo 4,0м - купить в Москве: цены, наличие, достав","{18: ('X', 'eng'), 19: ('Е', 'рус')}"
2522,"Виброрейка Enar Q❗️XЕ❗️ Turbo - купить в Москве: цены, наличие, достав","{18: ('X', 'eng'), 19: ('Е', 'рус')}"
2523,"Виброрейка Enar Q❗️XЕ❗️ - купить в Москве: цены, наличие, достав","{18: ('X', 'eng'), 19: ('Е', 'рус')}"
2593,"Виброрейка Enar Q❗️ZЕ❗️ 2,0м - купить в Москве: цены, наличие, достав","{18: ('Z', 'eng'), 19: ('Е', 'рус')}"
2594,"Виброрейка Enar Q❗️ZЕ❗️ 2,5м - купить в Москве: цены, наличие, достав","{18: ('Z', 'eng'), 19: ('Е', 'рус')}"
2595,"Виброрейка Enar Q❗️ZЕ❗️ 3,0м - купить в Москве: цены, наличие, достав","{18: ('Z', 'eng'), 19: ('Е', 'рус')}"
2596,"Виброрейка Enar Q❗️ZЕ❗️ 4,0м - купить в Москве: цены, наличие, достав","{18: ('Z', 'eng'), 19: ('Е', 'рус')}"
2597,"Виброрейка Enar Q❗️ZЕ❗️ - купить в Москве: цены, наличие, достав","{18: ('Z', 'eng'), 19: ('Е', 'рус')}"
2732,"Затирочная машина Euro Shatal ❗️SТ❗️ 62H - купить в Москве: цены, наличие, достав","{31: ('S', 'eng'), 32: ('Т', 'рус')}"
2733,"Затирочная машина Euro Shatal ❗️SТ❗️ 62R - купить в Москве: цены, наличие, достав","{31: ('S', 'eng'), 32: ('Т', 'рус')}"
2734,"Затирочная машина Euro Shatal ❗️SТ❗️ 92E - купить в Москве: цены, наличие, достав","{31: ('S', 'eng'), 32: ('Т', 'рус')}"
2735,"Затирочная машина Euro Shatal ❗️SТ❗️ 92H 5.5 - купить в Москве: цены, наличие, достав","{31: ('S', 'eng'), 32: ('Т', 'рус')}"
2736,"Затирочная машина Euro Shatal ❗️SТ❗️ 92H 8.0 - купить в Москве: цены, наличие, достав","{31: ('S', 'eng'), 32: ('Т', 'рус')}"
2938,"Швонарезчик Diam J❗️RК❗️-500/13H - купить в Москве: цены, наличие, достав","{19: ('R', 'eng'), 20: ('К', 'рус')}"
2980,"Швонарезчик Diam ❗️RК❗️-500/7,5E - купить в Москве: цены, наличие, достав","{18: ('R', 'eng'), 19: ('К', 'рус')}"
4208,"Штабелер ручной Grost ❗️НD❗️R 10/16M - купить в Москве: цены, наличие, достав","{23: ('Н', 'рус'), 24: ('D', 'eng')}"
4209,"Штабелер ручной Grost ❗️НD❗️R 10/20M - купить в Москве: цены, наличие, достав","{23: ('Н', 'рус'), 24: ('D', 'eng')}"
4210,"Штабелер ручной Grost ❗️НD❗️R 10/25M - купить в Москве: цены, наличие, достав","{23: ('Н', 'рус'), 24: ('D', 'eng')}"
4211,"Штабелер ручной Grost ❗️НD❗️R 10/30M - купить в Москве: цены, наличие, достав","{23: ('Н', 'рус'), 24: ('D', 'eng')}"
4227,"Штабелер ручной Grost ❗️НD❗️R 10/16 - купить в Москве: цены, наличие, достав","{23: ('Н', 'рус'), 24: ('D', 'eng')}"
4228,"Штабелер ручной Grost ❗️НD❗️R 10/20 - купить в Москве: цены, наличие, достав","{23: ('Н', 'рус'), 24: ('D', 'eng')}"
4229,"Штабелер ручной Grost ❗️НD❗️R 10/25 - купить в Москве: цены, наличие, достав","{23: ('Н', 'рус'), 24: ('D', 'eng')}"
4230,"Штабелер ручной Grost ❗️НD❗️R 10/30 - купить в Москве: цены, наличие, достав","{23: ('Н', 'рус'), 24: ('D', 'eng')}"
4756,"Тележка для талей G❗️CТ❗️616 0.5т - купить в Москве: цены, наличие, достав","{20: ('C', 'eng'), 21: ('Т', 'рус')}"
4757,"Тележка для талей G❗️CТ❗️616 1т - купить в Москве: цены, наличие, достав","{20: ('C', 'eng'), 21: ('Т', 'рус')}"
